{
    "category": [
        {"title": "office look", "link":"./office", "sub":[]}, 
        {"title": "outer", "link":"./outer", "sub":[
            {"title":"블랙라벨", "link":"sub0101"},
            {"title":"패딩", "link":"sub0102"},
            {"title":"코트&바바리", "link":"sub0103"},
            {"title":"무스&퍼", "link":"sub0104"},
            {"title":"점퍼&야상", "link":"sub0105"},
            {"title":"자켓", "link":"sub0106"},
            {"title":"가디건", "link":"sub0107"}
        ]}, 
        {"title": "top", "link": "./top", "sub":[
            {"title":"더 니트", "link":"sub0201"},
            {"title":"티", "link":"sub0202"},
            {"title":"니트", "link":"sub0203"},
            {"title":"블라우스&셔츠", "link":"sub0204"},
            {"title":"맨투맨,후드티", "link":"sub0205"}
        ]}, 
        {"title": "dress", "link": "./dress" , "sub":[
            {"title":"원피스", "link":"sub0301"},
            {"title":"투피스", "link":"sub0302"},
            {"title":"트래이닝투피스", "link":"sub0303"}
        ]}, 
        {"title": "pants", "link": "./pants", "sub":[
            {"title":"the denim", "link":"sub0401"},
            {"title":"팬츠", "link":"sub0402"},
            {"title":"슬랙스", "link":"sub0403"},
            {"title":"데님", "link":"sub0404"},
            {"title":"점프수트", "link":"sub0405"},
            {"title":"데일리", "link":"sub0406"},
            {"title":"숏팬츠", "link":"sub0407"}
        ]}, 
        {"title": "skirt", "link": "./skirt", "sub":[
            {"title":"H라인", "link":"sub0501"},
            {"title":"A라인&플래어", "link":"sub0502"},
            {"title":"머메이드", "link":"sub0503"}
        ]}, 
        {"title": "shoes&bag", "link": "./shoes", "sub":[
            {"title":"shoes", "link":"sub0601"},
            {"title":"bag", "link":"sub0602"}
        ]}, 
        {"title": "accessories", "link": "./scce", "sub":[
            {"title":"acc", "link":"sub0701"},
            {"title":"jewerly", "link":"sub0702"}
        ]}
    ]
}
