[
    { 
        "num" : 1,
        "pdnum" : "pd20240102",
        "title" : "손티보 유넥긴팔티",
        "desc" : "부들부들 촉감으로 기분까지 좋아지는 티셔츠예요. 적당한 두께감과 신축성이 좋은 소재로 편한 착용감을 더해드리구요, 부드러워서 맨살에 닿는 촉감마저 만족스러웠어요!",
        "price" : 19000,
        "orprice": 30000,
        "colors": [
            { "color": "black", "optprice1": 0},
            {"color": "gray", "optprice1": 0}
        ],
        "sizes" : [
            { "size": "XL", "optprice2": 1000},
            { "size": "L", "optprice2": 0},
            { "size": "M", "optprice2": 0},
            { "size": "S", "optprice2": 2000}
        ],
        "update" : "2024-01-01",
        "hit" : 2010,
        "sales_rate": 20,
        "img" : "./images/pd/001.jpg"
    },
    { 
        "num" : 2,
        "pdnum" : "pd20240102",
        "title" : "로셀트 앞트임기모 후드티",
        "desc" : "유행이나 싫증없이 시즌이 되면 필요한 아이템중 하나이기 때문에 하나쯤 소장 해 두셔도 손이 자주 갈 필수 아이템인데요, 기모 후드 티셔츠예요.",
        "price" : 88000,
        "orprice": 100000,
        "colors": [
            { "color": "black", "optprice1": 0},
            { "color": "red", "optprice1": 0},
            {"color": "gray", "optprice1": 0}
        ],
        "sizes" : [
            { "size": "XL", "optprice2": 1000},
            { "size": "L", "optprice2": 0},
            { "size": "M", "optprice2": 0},
            { "size": "S", "optprice2": 2000}
        ],
        "update" : "2024-01-01",
        "hit" : 20125,
        "sales_rate": 20,
        "img" : "./images/pd/002.jpg"
    },
    { 
        "num" : 3,
        "pdnum" : "pd20240103",
        "title" : "wool 베티 홀가가디건",
        "desc" : "고급스런 홀가~ 하이넥 연출가능 카라가디건 포근한 캐시+울혼방~ 러블리한 컬러감~",
        "price" : 88000,
        "orprice": 100000,
        "colors": [
            { "color": "black", "optprice1": 0},
            { "color": "red", "optprice1": 0},
            {"color": "gray", "optprice1": 0}
        ],
        "sizes" : [
            { "size": "XL", "optprice2": 1000},
            { "size": "L", "optprice2": 0},
            { "size": "M", "optprice2": 0},
            { "size": "S", "optprice2": 2000}
        ],
        "update" : "2024-01-01",
        "hit" : 20125,
        "sales_rate": 20,
        "img" : "./images/pd/003.jpg"
    },
    { 
        "num" : 4,
        "pdnum" : "pd20240101",
        "title" : "로셀트 앞트임기모 후드티",
        "desc" : "유행이나 싫증없이 시즌이 되면 필요한 아이템중 하나이기 때문에 하나쯤 소장 해 두셔도 손이 자주 갈 필수 아이템인데요, 기모 후드 티셔츠예요.",
        "price" : 88000,
        "orprice": 100000,
        "colors": [
            { "color": "black", "optprice1": 0},
            { "color": "red", "optprice1": 0},
            {"color": "gray", "optprice1": 0}
        ],
        "sizes" : [
            { "size": "XL", "optprice2": 1000},
            { "size": "L", "optprice2": 0},
            { "size": "M", "optprice2": 0},
            { "size": "S", "optprice2": 2000}
        ],
        "update" : "2024-01-01",
        "hit" : 20125,
        "sales_rate": 20,
        "img" : "./images/pd/004.jpg"
    },
    { 
        "num" : 5,
        "pdnum" : "pd20240101",
        "title" : "로셀트 앞트임기모 후드티",
        "desc" : "유행이나 싫증없이 시즌이 되면 필요한 아이템중 하나이기 때문에 하나쯤 소장 해 두셔도 손이 자주 갈 필수 아이템인데요, 기모 후드 티셔츠예요.",
        "price" : 88000,
        "orprice": 100000,
        "colors": [
            { "color": "black", "optprice1": 0},
            { "color": "red", "optprice1": 0},
            {"color": "gray", "optprice1": 0}
        ],
        "sizes" : [
            { "size": "XL", "optprice2": 1000},
            { "size": "L", "optprice2": 0},
            { "size": "M", "optprice2": 0},
            { "size": "S", "optprice2": 2000}
        ],
        "update" : "2024-01-01",
        "hit" : 20125,
        "sales_rate": 20,
        "img" : "./images/pd/005.jpg"
    },
    { 
        "num" : 6,
        "pdnum" : "pd20240101",
        "title" : "로셀트 앞트임기모 후드티",
        "desc" : "유행이나 싫증없이 시즌이 되면 필요한 아이템중 하나이기 때문에 하나쯤 소장 해 두셔도 손이 자주 갈 필수 아이템인데요, 기모 후드 티셔츠예요.",
        "price" : 88000,
        "orprice": 100000,
        "colors": [
            { "color": "black", "optprice1": 0},
            { "color": "red", "optprice1": 0},
            {"color": "gray", "optprice1": 0}
        ],
        "sizes" : [
            { "size": "XL", "optprice2": 1000},
            { "size": "L", "optprice2": 0},
            { "size": "M", "optprice2": 0},
            { "size": "S", "optprice2": 2000}
        ],
        "update" : "2024-01-01",
        "hit" : 20125,
        "sales_rate": 20,
        "img" : "./images/pd/006.jpg"
    },
    { 
        "num" : 7,
        "pdnum" : "pd20240101",
        "title" : "로셀트 앞트임기모 후드티",
        "desc" : "유행이나 싫증없이 시즌이 되면 필요한 아이템중 하나이기 때문에 하나쯤 소장 해 두셔도 손이 자주 갈 필수 아이템인데요, 기모 후드 티셔츠예요.",
        "price" : 88000,
        "orprice": 100000,
        "colors": [
            { "color": "black", "optprice1": 0},
            { "color": "red", "optprice1": 0},
            {"color": "gray", "optprice1": 0}
        ],
        "sizes" : [
            { "size": "XL", "optprice2": 1000},
            { "size": "L", "optprice2": 0},
            { "size": "M", "optprice2": 0},
            { "size": "S", "optprice2": 2000}
        ],
        "update" : "2024-01-01",
        "hit" : 20125,
        "sales_rate": 20,
        "img" : "./images/pd/007.jpg"
    },
    { 
        "num" : 8,
        "pdnum" : "pd20240101",
        "title" : "로셀트 앞트임기모 후드티",
        "desc" : "유행이나 싫증없이 시즌이 되면 필요한 아이템중 하나이기 때문에 하나쯤 소장 해 두셔도 손이 자주 갈 필수 아이템인데요, 기모 후드 티셔츠예요.",
        "price" : 88000,
        "orprice": 100000,
        "colors": [
            { "color": "black", "optprice1": 0},
            { "color": "red", "optprice1": 0},
            {"color": "gray", "optprice1": 0}
        ],
        "sizes" : [
            { "size": "XL", "optprice2": 1000},
            { "size": "L", "optprice2": 0},
            { "size": "M", "optprice2": 0},
            { "size": "S", "optprice2": 2000}
        ],
        "update" : "2024-01-01",
        "hit" : 20125,
        "sales_rate": 20,
        "img" : "./images/pd/008.jpg"
    },
    { 
        "num" : 9,
        "pdnum" : "pd20240101",
        "title" : "로셀트 앞트임기모 후드티",
        "desc" : "유행이나 싫증없이 시즌이 되면 필요한 아이템중 하나이기 때문에 하나쯤 소장 해 두셔도 손이 자주 갈 필수 아이템인데요, 기모 후드 티셔츠예요.",
        "price" : 88000,
        "orprice": 100000,
        "colors": [
            { "color": "black", "optprice1": 0},
            { "color": "red", "optprice1": 0},
            {"color": "gray", "optprice1": 0}
        ],
        "sizes" : [
            { "size": "XL", "optprice2": 1000},
            { "size": "L", "optprice2": 0},
            { "size": "M", "optprice2": 0},
            { "size": "S", "optprice2": 2000}
        ],
        "update" : "2024-01-01",
        "hit" : 20125,
        "sales_rate": 20,
        "img" : "./images/pd/009.jpg"
    },
    { 
        "num" : 10,
        "pdnum" : "pd20240101",
        "title" : "로셀트 앞트임기모 후드티",
        "desc" : "유행이나 싫증없이 시즌이 되면 필요한 아이템중 하나이기 때문에 하나쯤 소장 해 두셔도 손이 자주 갈 필수 아이템인데요, 기모 후드 티셔츠예요.",
        "price" : 88000,
        "orprice": 100000,
        "colors": [
            { "color": "black", "optprice1": 0},
            { "color": "red", "optprice1": 0},
            {"color": "gray", "optprice1": 0}
        ],
        "sizes" : [
            { "size": "XL", "optprice2": 1000},
            { "size": "L", "optprice2": 0},
            { "size": "M", "optprice2": 0},
            { "size": "S", "optprice2": 2000}
        ],
        "update" : "2024-01-01",
        "hit" : 20125,
        "sales_rate": 20,
        "img" : "./images/pd/010.jpg"
    },
    { 
        "num" : 11,
        "pdnum" : "pd20240101",
        "title" : "로셀트 앞트임기모 후드티",
        "desc" : "유행이나 싫증없이 시즌이 되면 필요한 아이템중 하나이기 때문에 하나쯤 소장 해 두셔도 손이 자주 갈 필수 아이템인데요, 기모 후드 티셔츠예요.",
        "price" : 88000,
        "orprice": 100000,
        "colors": [
            { "color": "black", "optprice1": 0},
            { "color": "red", "optprice1": 0},
            {"color": "gray", "optprice1": 0}
        ],
        "sizes" : [
            { "size": "XL", "optprice2": 1000},
            { "size": "L", "optprice2": 0},
            { "size": "M", "optprice2": 0},
            { "size": "S", "optprice2": 2000}
        ],
        "update" : "2024-01-01",
        "hit" : 20125,
        "sales_rate": 20,
        "img" : "./images/pd/011.jpg"
    },
    { 
        "num" : 12,
        "pdnum" : "pd20240101",
        "title" : "로셀트 앞트임기모 후드티",
        "desc" : "유행이나 싫증없이 시즌이 되면 필요한 아이템중 하나이기 때문에 하나쯤 소장 해 두셔도 손이 자주 갈 필수 아이템인데요, 기모 후드 티셔츠예요.",
        "price" : 88000,
        "orprice": 100000,
        "colors": [
            { "color": "black", "optprice1": 0},
            { "color": "red", "optprice1": 0},
            {"color": "gray", "optprice1": 0}
        ],
        "sizes" : [
            { "size": "XL", "optprice2": 1000},
            { "size": "L", "optprice2": 0},
            { "size": "M", "optprice2": 0},
            { "size": "S", "optprice2": 2000}
        ],
        "update" : "2024-01-01",
        "hit" : 20125,
        "sales_rate": 20,
        "img" : "./images/pd/012.jpg"
    },
    { 
        "num" : 13,
        "pdnum" : "pd20240101",
        "title" : "로셀트 앞트임기모 후드티",
        "desc" : "유행이나 싫증없이 시즌이 되면 필요한 아이템중 하나이기 때문에 하나쯤 소장 해 두셔도 손이 자주 갈 필수 아이템인데요, 기모 후드 티셔츠예요.",
        "price" : 88000,
        "orprice": 100000,
        "colors": [
            { "color": "black", "optprice1": 0},
            { "color": "red", "optprice1": 0},
            {"color": "gray", "optprice1": 0}
        ],
        "sizes" : [
            { "size": "XL", "optprice2": 1000},
            { "size": "L", "optprice2": 0},
            { "size": "M", "optprice2": 0},
            { "size": "S", "optprice2": 2000}
        ],
        "update" : "2024-01-01",
        "hit" : 20125,
        "sales_rate": 20,
        "img" : "./images/pd/013.jpg"
    },
    { 
        "num" : 14,
        "pdnum" : "pd20240101",
        "title" : "로셀트 앞트임기모 후드티",
        "desc" : "유행이나 싫증없이 시즌이 되면 필요한 아이템중 하나이기 때문에 하나쯤 소장 해 두셔도 손이 자주 갈 필수 아이템인데요, 기모 후드 티셔츠예요.",
        "price" : 88000,
        "orprice": 100000,
        "colors": [
            { "color": "black", "optprice1": 0},
            { "color": "red", "optprice1": 0},
            {"color": "gray", "optprice1": 0}
        ],
        "sizes" : [
            { "size": "XL", "optprice2": 1000},
            { "size": "L", "optprice2": 0},
            { "size": "M", "optprice2": 0},
            { "size": "S", "optprice2": 2000}
        ],
        "update" : "2024-01-01",
        "hit" : 20125,
        "sales_rate": 20,
        "img" : "./images/pd/014.jpg"
    },
    { 
        "num" : 15,
        "pdnum" : "pd20240101",
        "title" : "로셀트 앞트임기모 후드티",
        "desc" : "유행이나 싫증없이 시즌이 되면 필요한 아이템중 하나이기 때문에 하나쯤 소장 해 두셔도 손이 자주 갈 필수 아이템인데요, 기모 후드 티셔츠예요.",
        "price" : 88000,
        "orprice": 100000,
        "colors": [
            { "color": "black", "optprice1": 0},
            { "color": "red", "optprice1": 0},
            {"color": "gray", "optprice1": 0}
        ],
        "sizes" : [
            { "size": "XL", "optprice2": 1000},
            { "size": "L", "optprice2": 0},
            { "size": "M", "optprice2": 0},
            { "size": "S", "optprice2": 2000}
        ],
        "update" : "2024-01-01",
        "hit" : 20125,
        "sales_rate": 20,
        "img" : "./images/pd/015.jpg"
    },
    { 
        "num" : 16,
        "pdnum" : "pd20240101",
        "title" : "로셀트 앞트임기모 후드티",
        "desc" : "유행이나 싫증없이 시즌이 되면 필요한 아이템중 하나이기 때문에 하나쯤 소장 해 두셔도 손이 자주 갈 필수 아이템인데요, 기모 후드 티셔츠예요.",
        "price" : 88000,
        "orprice": 100000,
        "colors": [
            { "color": "black", "optprice1": 0},
            { "color": "red", "optprice1": 0},
            {"color": "gray", "optprice1": 0}
        ],
        "sizes" : [
            { "size": "XL", "optprice2": 1000},
            { "size": "L", "optprice2": 0},
            { "size": "M", "optprice2": 0},
            { "size": "S", "optprice2": 2000}
        ],
        "update" : "2024-01-01",
        "hit" : 20125,
        "sales_rate": 20,
        "img" : "./images/pd/016.jpg"
    },
    { 
        "num" : 17,
        "pdnum" : "pd20240101",
        "title" : "로셀트 앞트임기모 후드티",
        "desc" : "유행이나 싫증없이 시즌이 되면 필요한 아이템중 하나이기 때문에 하나쯤 소장 해 두셔도 손이 자주 갈 필수 아이템인데요, 기모 후드 티셔츠예요.",
        "price" : 88000,
        "orprice": 100000,
        "colors": [
            { "color": "black", "optprice1": 0},
            { "color": "red", "optprice1": 0},
            {"color": "gray", "optprice1": 0}
        ],
        "sizes" : [
            { "size": "XL", "optprice2": 1000},
            { "size": "L", "optprice2": 0},
            { "size": "M", "optprice2": 0},
            { "size": "S", "optprice2": 2000}
        ],
        "update" : "2024-01-01",
        "hit" : 20125,
        "sales_rate": 20,
        "img" : "./images/pd/017.jpg"
    },
    { 
        "num" : 18,
        "pdnum" : "pd20240101",
        "title" : "로셀트 앞트임기모 후드티",
        "desc" : "유행이나 싫증없이 시즌이 되면 필요한 아이템중 하나이기 때문에 하나쯤 소장 해 두셔도 손이 자주 갈 필수 아이템인데요, 기모 후드 티셔츠예요.",
        "price" : 88000,
        "orprice": 100000,
        "colors": [
            { "color": "black", "optprice1": 0},
            { "color": "red", "optprice1": 0},
            {"color": "gray", "optprice1": 0}
        ],
        "sizes" : [
            { "size": "XL", "optprice2": 1000},
            { "size": "L", "optprice2": 0},
            { "size": "M", "optprice2": 0},
            { "size": "S", "optprice2": 2000}
        ],
        "update" : "2024-01-01",
        "hit" : 20125,
        "sales_rate": 20,
        "img" : "./images/pd/018.jpg"
    },
    { 
        "num" : 19,
        "pdnum" : "pd20240101",
        "title" : "로셀트 앞트임기모 후드티",
        "desc" : "유행이나 싫증없이 시즌이 되면 필요한 아이템중 하나이기 때문에 하나쯤 소장 해 두셔도 손이 자주 갈 필수 아이템인데요, 기모 후드 티셔츠예요.",
        "price" : 88000,
        "orprice": 100000,
        "colors": [
            { "color": "black", "optprice1": 0},
            { "color": "red", "optprice1": 0},
            {"color": "gray", "optprice1": 0}
        ],
        "sizes" : [
            { "size": "XL", "optprice2": 1000},
            { "size": "L", "optprice2": 0},
            { "size": "M", "optprice2": 0},
            { "size": "S", "optprice2": 2000}
        ],
        "update" : "2024-01-01",
        "hit" : 20125,
        "sales_rate": 20,
        "img" : "./images/pd/019.jpg"
    },
    { 
        "num" : 20,
        "pdnum" : "pd20240101",
        "title" : "로셀트 앞트임기모 후드티",
        "desc" : "유행이나 싫증없이 시즌이 되면 필요한 아이템중 하나이기 때문에 하나쯤 소장 해 두셔도 손이 자주 갈 필수 아이템인데요, 기모 후드 티셔츠예요.",
        "price" : 88000,
        "orprice": 100000,
        "colors": [
            { "color": "black", "optprice1": 0},
            { "color": "red", "optprice1": 0},
            {"color": "gray", "optprice1": 0}
        ],
        "sizes" : [
            { "size": "XL", "optprice2": 1000},
            { "size": "L", "optprice2": 0},
            { "size": "M", "optprice2": 0},
            { "size": "S", "optprice2": 2000}
        ],
        "update" : "2024-01-01",
        "hit" : 20125,
        "sales_rate": 20,
        "img" : "./images/pd/020.jpg"
    }
    
]